<?xml version="1.0" encoding="UTF-8"?>
<project-private xmlns="http://www.netbeans.org/ns/project-private/1">
    <editor-bookmarks xmlns="http://www.netbeans.org/ns/editor-bookmarks/2" lastBookmarkId="0"/>
    <open-files xmlns="http://www.netbeans.org/ns/projectui-open-files/2">
        <group>
            <file>file:/C:/Users/laksh/Documents/NetBeansProjects/GOVERNMENT%20HELPSITE/src/VERIFYDOC.java</file>
            <file>file:/C:/Users/laksh/Documents/NetBeansProjects/GOVERNMENT%20HELPSITE/src/DONATE.java</file>
            <file>file:/C:/Users/laksh/Documents/NetBeansProjects/GOVERNMENT%20HELPSITE/src/DOCTOR.java</file>
            <file>file:/C:/Users/laksh/Documents/NetBeansProjects/GOVERNMENT%20HELPSITE/src/COVID.java</file>
            <file>file:/C:/Users/laksh/Documents/NetBeansProjects/GOVERNMENT%20HELPSITE/src/MainPage.java</file>
            <file>file:/C:/Users/laksh/Documents/NetBeansProjects/GOVERNMENT%20HELPSITE/src/FORGOT.java</file>
            <file>file:/C:/Users/laksh/Documents/NetBeansProjects/GOVERNMENT%20HELPSITE/src/BILLS.java</file>
            <file>file:/C:/Users/laksh/Documents/NetBeansProjects/GOVERNMENT%20HELPSITE/src/SYMPTOM.java</file>
            <file>file:/C:/Users/laksh/Documents/NetBeansProjects/GOVERNMENT%20HELPSITE/src/DOCSIGNUP.java</file>
            <file>file:/C:/Users/laksh/Documents/NetBeansProjects/GOVERNMENT%20HELPSITE/src/SIGN_UP.java</file>
            <file>file:/C:/Users/laksh/Documents/NetBeansProjects/GOVERNMENT%20HELPSITE/src/LOGIN.java</file>
            <file>file:/C:/Users/laksh/Documents/NetBeansProjects/GOVERNMENT%20HELPSITE/src/EVENTS.java</file>
            <file>file:/C:/Users/laksh/Documents/NetBeansProjects/GOVERNMENT%20HELPSITE/src/About.java</file>
        </group>
    </open-files>
</project-private>
